,img,boil,pan
0,IDFY8hq.png,0,2
1,IDO7nSZtJD8QI56pK.png,0,2
2,IDKgqKl5InA.png,0,1
3,ID5bAqC2a7ke.png,1,0
4,ID6OpSPr.png,1,0
5,IDNaSBsHESVtgC.png,0,2
6,ID92TMyjnrSFD.png,0,3
7,IDAodhZFsMjRiAf7.png,0,3
8,IDEU9ZFLr0.png,0,1
9,IDeLjcG.png,2,0
10,IDaQTzZb.png,1,0
11,IDpx7z7.png,0,4
12,IDJKMpqbn5aqaT37D.png,0,2
13,IDhfx5ImlUoD.png,1,0
14,IDyVQh2Nmx.png,1,1
15,IDMHBK7.png,0,2
16,IDxJqtro.png,1,0
17,ID3WOcBJUvc.png,0,2
18,IDPF400sbB.png,0,2
19,ID7T6FPhrkEUtdk2b.png,0,1
20,IDJQnplH6oy.png,0,2
21,IDaKMnRR0MT.png,0,3
22,ID2ieUwMG08.png,0,3
23,ID3Lvugu1i1SIJ.png,0,1
24,IDohUpFb461Xcoz.png,0,1
25,ID4kZRDc3QUoC.png,0,3
26,IDUMitSu9bW.png,0,1
27,IDESFEa.png,0,1
28,IDQBytqg8MeN.png,0,2
29,IDQhA9PHjjNQ.png,1,0
30,IDwLZDqGfVzQ.png,0,1
31,IDwswbKMapQY2zy.png,0,1
32,IDXNF65.png,1,0
33,IDxaaNPZd.png,0,1
34,IDBMCWaXQf0.png,2,0
35,IDXifVMGaXfp7xD.png,0,2
36,IDRFHeMPauGhoyZ.png,0,1
37,ID31JeXTryDkp.png,0,2
38,IDeNlbCauZiSgpeAt.png,0,3
39,IDrebiDzjZDTyra.png,0,1
40,IDjn3tGMPcD.png,0,1
41,IDQUdfDSdv.png,0,1
42,IDvZXXbNz.png,0,1
43,IDRKPHGG0.png,0,2
44,ID3wsQylHNZIm.png,1,14
45,IDJAn4Evq3bgU.png,1,0
46,IDmuGDhRCS2MKkcn.png,0,1
47,IDAPydWRHpwp.png,0,4
48,IDULdwTYvRHbw4u.png,0,1
49,ID9y5NTEk0NzZgJh.png,0,4
50,IDVaYdxdFHdS1h.png,0,2
51,IDu6MHnX.png,0,2
52,IDG2r7v9tUKP.png,0,1
53,ID6lNsyhIAu7l.png,0,2
54,IDizZFogUTcaL.png,0,1
55,IDFnB1pUyR0bm.png,0,2
56,IDodXA78YJTVFFPth.png,0,1
57,IDXjs1of0YKuqS.png,0,1
58,ID1eDVi.png,0,2
59,IDJsojsod.png,0,1
60,IDb89HKV4ESmuok.png,0,3
61,IDqjnkLKI8IPM.png,1,0
62,IDzkYCKatb.png,0,2
63,IDTWh1oaZ6sfPBmU.png,0,2
64,ID2wbi7b8G.png,0,2
65,IDlFViJrm3Gs5btNm.png,0,1
66,IDD4HHjKArmM.png,0,3
67,ID37zJbvEu.png,0,1
68,IDVbR7Vebwu.png,0,3
69,IDsjoTG7WQCTiB.png,0,4
70,ID0DdRvmapzcn4h.png,0,1
71,IDq3JEcFG.png,0,1
72,IDK3oVylNGIYvNTw.png,1,0
73,ID2g4ojmR.png,1,0
74,ID7AvRo4oLIx.png,0,3
75,IDeA4LBBJ2MAHqUWe.png,0,1
76,IDIaIx3.png,0,1
77,IDq25jvFRv7D0V.png,0,1
78,IDf977ww0XYUN6.png,1,0
79,IDnGiEwQCK.png,0,2
80,IDMtEZpf0d72.png,0,1
81,IDyWkAwNR0oNzdYhz.png,0,2
82,IDNfQAK.png,0,1
83,IDvT1XJ.png,0,3
84,ID6TgNT.png,0,3
85,IDvC4Vec.png,0,1
86,IDZxfXJXA1GqvH.png,0,3
87,IDh9ixHse64nS7BEu.png,0,3
88,IDj9Pw5.png,0,2
89,ID0LAniRBVZZ8.png,1,31
90,IDdMZtwQ5faFg.png,0,1
91,ID9VLYl.png,1,23
92,IDLy9chtgNe6F.png,1,0
93,IDZflJU.png,0,2
94,IDYpRIXegxoaNV.png,0,2
95,IDQJeZBLIlPr.png,0,1
96,ID3OvDM.png,0,1
97,IDBB39hk5.png,0,2
98,IDC9SIb.png,0,1
99,IDVrdvK65zz4b.png,0,1
100,ID47QZ1M4qdYpQu.png,0,4
101,ID0XZ9lm2m.png,0,2
102,IDfJ1bYigu.png,0,2
103,IDqhWLRHXL.png,2,0
104,IDcxTl9zDOWTNH.png,0,1
105,ID3rVNHw9luta4Q0.png,0,2
106,IDkl3C1I.png,0,1
107,ID8FbCKMZF.png,0,1
108,IDzVeQf8kmvGg.png,0,1
109,IDTVd4GoMBSx.png,0,2
110,IDIcHJxLRX.png,0,1
111,IDLnLYsTI.png,0,2
112,ID8uNXzem.png,0,2
113,IDDUUwK.png,0,2
114,IDXNpYCqDJddlAl.png,0,1
115,IDqRaH6m4i9Zat.png,0,1
116,IDD2ChpIr822Zl.png,1,0
117,IDSEjGsOR.png,0,2
118,IDxBQkTVd.png,0,1
119,IDniQ4q7Mu5x8d.png,0,2
120,IDgvPGnkSoMP7.png,0,2
121,IDnyOXWGyH1.png,0,1
122,IDttw8ahOZdn7WVM.png,0,1
123,IDLUxAEQ.png,0,3
124,ID0M7AXp9.png,0,4
125,IDAoZuR6VVknW.png,0,2
126,IDWrAIulSIORr5UTk.png,0,1
127,IDBWDmq5RnS.png,3,0
128,IDY2kdd.png,0,1
129,ID9f8Y0AQtv.png,0,2
130,IDYCgzhB9RrT.png,0,2
131,IDDsSK88DZd.png,0,1
132,IDskQKzqkkn.png,0,2
133,ID0MafAkn.png,0,1
134,ID3t5xbo6zSngj.png,0,1
135,IDtXnX8baCQ7RQB.png,1,4
136,IDlHuuOHBR8IBJuiS.png,0,1
137,IDjsih35f.png,0,1
138,IDZUN9r.png,0,1
139,ID0kxS4qaE.png,0,1
140,ID2bqJqPLz9ww.png,1,2
141,IDHERyyyCyuihukb.png,0,1
142,IDdmE6RHRhA1yhZ.png,0,1
143,IDKLR8677Qfaqjd.png,0,3
144,ID3YP0Yb9.png,0,2
145,IDOmLKP5X.png,0,1
146,IDlQn7qEzW3T5tM.png,0,2
147,IDlsNlYOlhrlvDx.png,0,1
148,IDhTNdTP2mAnzv.png,0,4
149,IDASlPgfHqhSEFF.png,0,1
150,IDe3YXk0cE.png,0,2
151,IDZAYdUR2ZPKgA.png,0,1
152,IDDdX5XDTWO.png,0,1
153,IDa8Yoz6K.png,0,1
154,IDwMkeD0WsYMe9hAv.png,0,2
155,IDuTYfFbCtUA7ip.png,0,1
156,IDvh5HmC.png,0,5
157,IDK9s46zMOJ.png,0,1
158,ID4N665Y.png,0,2
159,IDgJ4e8vYvoJNpV.png,3,0
160,IDpkqW7N3ybboQAC.png,0,1
161,IDQbGBO06eFF.png,2,0
162,IDHL7sfwI1v.png,0,1
163,IDrGG2YCZ08HlNmaQ.png,0,1
164,IDdz7fRV0f.png,0,1
165,ID0POc2HN.png,1,0
166,ID5hBfHW33pIb77U.png,2,0
167,IDGRkIHAFLF.png,0,2
168,ID4ralCsRvbTUP7P.png,0,2
169,ID366sm4sLvFNb.png,0,1
170,IDL5agDCBpvYbFIb.png,1,0
171,IDoSDTXymqfxQd.png,0,3
172,IDTWTBoO05L0kBb.png,1,1
173,IDuBrAoWmPJkBMdkZ.png,0,3
174,IDCxuzH42m09UjIdo.png,0,3
175,IDuwZkpt2aeIBU.png,0,2
176,IDfxj2Wgz.png,0,1
177,ID8wYAJXMqzwxQZ.png,0,2
178,IDKrBk2.png,0,1
179,IDIyeJf.png,0,2
180,IDilxyE88p9j4h.png,0,1
181,ID5dW8u.png,0,0
182,IDrQCg2p41N9Y69.png,0,1
183,IDLCvFbNmjB.png,0,2
184,IDInsS12i6zFBgG.png,0,1
185,IDjGt8i1CPp.png,0,2
186,IDBCeCHDB.png,0,1
187,IDv0Of8fynq9OGVN5.png,0,1
188,IDgwWWdBS9k5sd.png,0,4
189,IDA0UwLuoWcQSlynM.png,0,1
190,IDHQonuKqE0B8i5b0.png,1,0
191,IDamYnxrS6lNucRna.png,0,1
192,IDEhFnHYi.png,0,1
193,IDHCfAQNj71.png,0,1
194,IDQcuYNBzHWDTv8N7.png,3,0
195,IDFKE9DZ7gq.png,0,3
196,ID2rnhdEXo9wVu.png,1,0
197,IDgBFiL.png,0,1
198,IDFdQ2IrPc1KVFtZ.png,0,3
199,IDq5SwsUOnT0i.png,0,2
200,ID1cnIiljuCJgr9.png,0,5
201,IDrccF9vmt8OdV.png,0,2
202,ID3NwrjcLfs.png,0,1
203,IDPmdEMdOUWsZl.png,0,1
204,IDISmtmvpX6I.png,0,3
205,IDMzPrq0RrmPao86i.png,0,1
206,IDonszb.png,1,0
207,IDx9fKxfFvcxUV.png,0,2
208,IDMaFPMn4yM.png,1,0
209,ID0YWEiDPjmAfA50E.png,1,0
210,IDYz8J7AKJM9wb.png,0,1
211,IDxXGhuMF2o.png,0,1
212,IDSqbeRhYfWYMs.png,0,2
213,ID06Zb8HWf7XPxodI.png,0,2
214,IDeEYBZvX.png,0,3
215,IDiHxnqzQ3illgKHU.png,0,2
216,IDQBjxcyeaOasXq1o.png,0,2
217,IDB8nWYTtC7klU.png,0,1
218,IDOZIWPYVG.png,0,1
219,ID5NqLqc9.png,0,1
220,IDtejvSTfSQdK.png,1,0
221,ID2DaVxex.png,0,2
222,IDPFb2a7w3dIusCv.png,0,1
223,IDCYmSiT.png,2,0
224,IDGO6ZaenJ.png,0,2
225,IDV5b819nk3.png,0,2
226,IDyz5AxngclXwUiu.png,0,4
227,IDe1P6iIW9hLxt2L.png,0,1
228,ID49l1ZqXx.png,1,0
229,IDYWMDThF.png,0,1
230,ID0m0ZliU0PgwB.png,0,3
231,IDKLcUJwp.png,0,1
232,ID2ThHZmaO3bW.png,0,1
233,IDVTmuJPqSOT1k08G.png,0,2
234,IDp0hEJAi2ehI1h.png,0,1
235,IDWtfE4NSbL7G.png,0,7
236,ID0q99Ha1b8hB3ZW.png,0,2
237,IDrBiI3qyySNs1x.png,0,2
238,ID5VK7LIB6DbtZ.png,0,1
239,IDXEFTsr07VT27gq1.png,0,3
240,IDmqZe6.png,0,1
241,IDkXos5NHMtr.png,0,1
242,ID0sCw7.png,0,1
243,ID6p7GFAXhDf0z.png,3,40
244,IDr6YNcFvyykATPG.png,0,1
245,IDfiowo8lmABd.png,1,0
246,IDLz76G7NnG.png,0,1
247,ID2ZrHQYXmLU.png,0,6
248,IDEEHrA1paMoSm.png,0,3
249,ID6WN0FYE.png,0,2
250,ID39nsm7wPvd1odeB.png,0,4
251,IDXTgnvZ.png,0,1
252,IDUI8UbaXYOgZuKr.png,0,2
253,IDLWiPQHg9w.png,0,1
254,IDurZm4Xai4W2IMh.png,0,3
255,IDlr3zM.png,0,3
256,IDWNlcEw75RT.png,1,0
257,IDDARcmpazWZDVaMo.png,0,2
258,ID71ZAso.png,0,1
259,IDK9kXoTvbz.png,0,2
260,IDvdQW2lbX9x.png,1,0
261,IDbV1Abdd9UIQUuND.png,0,3
262,IDSY5ohjEdi.png,0,1
263,IDIUu7og1AzhW5w.png,1,0
264,IDnbTanIa.png,0,4
265,IDsJIcuM.png,0,2
266,IDd35UGf3RPXO29.png,2,1
267,IDI5DWucOEo82WB.png,0,1
268,IDgayJ5FUlVcA0F.png,0,4
269,IDkEubOJoHTzunK.png,0,1
270,IDdjQjT0b6E6.png,0,1
271,IDnDocH4j66X827bg.png,0,5
272,ID0TgGwsRacbg.png,0,1
273,IDm92JC3xly.png,0,1
274,ID6gcxCoS.png,0,2
275,IDToo60.png,0,2
276,IDUshSctaYwU.png,0,1
277,ID514LGOBK8nk2.png,0,2
278,IDh4rJhAJF8XMnic.png,1,0
279,IDO0Brs2.png,1,0
280,IDdVlhAjGxoIoje.png,1,1
281,IDdT7nv9v0rgkpag.png,0,1
282,IDWnGaN3M.png,0,1
283,IDOoNO6hPaJ06NNA.png,1,0
284,IDgn8UI.png,0,3
285,IDjhNJfQW56v.png,4,0
286,IDmSm38w.png,0,1
287,IDCGXyO.png,0,1
288,ID1duopTDZOx.png,0,2
289,IDVPiIe.png,1,0
290,IDQM3ch5d8j.png,0,1
291,IDM0gzVfGP5iis.png,1,5
292,IDeQdYTFY.png,0,1
293,IDP50KJDX.png,0,2
294,IDL5wnekBKwmXgo.png,0,3
295,IDLACOL.png,0,1
296,IDYlBH3E4N5I3Xgj.png,0,1
297,ID50SyB.png,0,1
298,ID6fKo0cPJLBhWMFB.png,0,7
299,ID7n9mHV2xXQ.png,0,14
300,ID4oLTPmS1zJ2.png,0,2
301,IDa8e9hYoBmlLB.png,0,1
302,ID0xgvUIPEyNAU9z.png,0,3
303,IDtRV37tOonDlhTKg.png,0,2
304,IDj0nLNr0TBG6cQaE.png,0,1
305,IDUYiRw7fimJ2.png,0,1
306,ID6wCpWX0tf.png,0,1
307,IDN9KOa6ybXI90H7.png,0,1
308,IDMNoTYaF2U1jd.png,0,1
309,IDwf4S1hv.png,1,5
310,IDcbrbAg.png,0,1
311,IDOmrOXyR5hUrvmK.png,0,3
312,ID89uAm4SY2yMn.png,0,3
313,ID6ZrTiiky2nm.png,1,0
314,IDVqOqT.png,0,2
315,IDOudKlVr.png,1,0
316,IDMHhcx2rL.png,0,1
317,ID1Xl0vuApYXm.png,0,288
318,IDjwdfyd.png,0,1
319,IDRDzuWA7O8GIMMe.png,0,1
320,ID1cfXx1x0D4.png,2,0
321,IDIiCEihfFxaMK.png,1,0
322,IDsSId91epk5dr.png,1,0
323,ID5gk5osYpVzxg.png,0,1
324,IDALsrA.png,0,1
325,IDzxXgqh.png,0,1
326,IDq1DELAazK.png,0,3
327,IDO0DSrCAmji5Ub0A.png,0,4
328,IDC8goDbHW1kw.png,0,1
329,IDaqvOmzQ.png,0,2
330,ID5KrcA9qjCsQF.png,0,1
331,IDiuIWTNN.png,1,0
332,IDakSwS6tc.png,1,0
333,ID2QYa2G.png,0,2
334,ID0i0OxJO5ZA.png,0,5
335,IDbs7phcjuekCtj.png,0,1
336,IDRzREJ0U.png,0,4
337,IDNI717Zg.png,0,1
338,IDKTYIB0aHs.png,0,3
339,IDA19QWQ4Xt3a.png,0,2
340,ID5R62bgVdm2x1sk.png,0,4
341,IDOBnWUWq.png,0,1
342,ID4xKRP5k8xhGs2K.png,0,3
343,ID9IqotXTUWjtYCy.png,0,1
344,ID31BELz0.png,0,4
345,ID5AfkzKjcGlm.png,1,0
346,IDnqQ9QL.png,0,6
347,ID2oE2zc.png,0,2
348,IDLKGI4XDm7.png,0,2
349,IDW4XOGBBnHpLqP.png,0,2
350,IDh66m80nRhClz.png,0,4
351,IDYs2MA.png,0,1
352,IDlfjIhoGdf3DK.png,0,1
353,IDW34JUgIK.png,0,4
354,ID7h8Fn34g6.png,0,1
355,ID2ClSVuJtVPuLGkn.png,0,2
356,IDbYBWLNuyeMrkcRq.png,3,0
357,IDse5IvcA6A.png,0,1
358,IDC9OBTOUOI.png,0,2
359,IDVKNS4FACrEZk8cA.png,0,1
360,IDYMPsLiST6YDlN.png,0,2
361,ID9gQs8TwHV.png,0,6
362,IDL9apMqAJcEJl.png,2,0
363,ID6pngGD54XK.png,0,2
364,IDcQWlriLR6.png,0,1
365,IDzj0TllxhxN.png,1,0
366,IDhzumtk4xZ.png,0,1
367,ID8ylnV37i1d.png,0,2
368,IDSBZCi9OtBee.png,0,4
369,IDo2jsCGXE.png,0,2
370,IDMRMqOq0F.png,0,2
371,IDlUuCtL.png,0,1
372,IDyxTVM6BRf.png,1,0
373,ID8vPijXoh.png,0,4
374,IDbdPfKCw4O.png,0,2
375,IDJX8nxzq1B5zRc.png,1,0
376,IDpH0uJx7PuR83Z.png,0,1
377,IDvYXBj8oVUW.png,0,1
378,IDZMMSAX.png,1,0
379,IDCdD5LOXS37POLH.png,0,1
380,IDuZKNfk.png,0,1
381,ID1TDxkU5qVlgmTHC.png,2,0
382,IDIbi5ymwJije.png,2,0
383,IDDechAIA.png,0,2
384,IDR4Qu0eu.png,0,2
385,ID6zdzJkJ6VR459Kw.png,0,3
386,IDG98L3U50lc4j.png,0,2
387,ID3WWImfN.png,0,2
388,ID6LS4KFRKRNf86FB.png,1,0
389,IDtNU1NCLNV.png,0,1
390,IDsvQG5yG1k.png,0,3
391,IDIVb7jZ3FIA.png,0,1
392,IDwhzCCdPHoNRwkqc.png,0,3
393,IDLI98O8Kb.png,0,1
394,IDmbuTn4nJxg6i.png,0,1
395,IDovfG0Hy.png,0,1
396,IDr3qEXz1XZNAaf.png,0,2
397,IDSXTHB.png,0,3
398,IDkuZQDBN.png,0,2
399,IDdMF9y4TaAxZEpa.png,0,5
400,ID4Lz3XWRH3jiyXxW.png,0,2
401,IDzpcgPa.png,1,0
402,IDvGRBclrD8rt3p.png,0,4
403,IDBRAqcXf.png,7,0
404,IDbLd6EpH.png,0,1
405,IDqjbz6Ayr99ouwE.png,0,1
406,IDk0ZTA.png,0,2
407,IDdVvSQqEGnwkzX.png,0,1
408,IDR2rInvsMA2Fs.png,3,0
409,IDf8e61X7z5F9.png,3,6
410,IDoPNLJTdj0rXS.png,0,3
411,IDPrnYiqekk.png,0,2
412,IDe2ywrX.png,1,0
413,IDYcSSKa8TL3.png,0,1
414,ID0NBssEGmPwudCC.png,0,1
415,ID9blT2tvC7FV5fx.png,3,0
416,IDLUp4ZYIIq7yWRD.png,2,0
417,IDDqbyvCeZ.png,0,2
418,IDwAGrhGT.png,0,1
419,IDwU7BDGsa0.png,0,1
420,ID4seppde7aFsW5Z1.png,1,0
421,IDkF4G6q7BGQScg.png,0,1
422,IDdLPu6dz.png,0,1
423,ID0c6FPgUvhR4n.png,0,1
424,IDq0fpBaBpBC.png,2,1
425,ID0Ova9wB66IuXNMm.png,0,2
426,IDp54bIG9WdHMBdV8.png,0,1
427,ID4262oeplXWhB.png,1,0
428,ID5vE00zAieZ.png,0,16
429,ID9RKzlOXqqjKkNL.png,0,3
430,IDpFS0Rw4m5w6kEGe.png,0,2
431,IDlcgn04krf6YS.png,0,2
432,IDAS8V4Uv25R.png,0,1
433,IDahUIrPj5ElCp.png,0,1
434,ID2Lawqw6Vz9.png,0,2
435,IDuWLFyy.png,0,11
436,ID1rttmRnL.png,0,2
437,IDAuxYqPwRI.png,0,1
438,IDesdhUQYHR4C6.png,3,0
439,IDOSBnjMTcxXchRkw.png,0,1
440,IDjrS9b75CwzPR.png,0,1
441,IDp4FLuqEcFliV.png,0,1
442,IDf9XvgoT9.png,0,2
443,IDd3fXd0RK4.png,0,4
444,IDM3pLBiIG.png,1,0
445,IDrKSKdIG.png,1,2
446,IDDvY8q3.png,0,2
447,IDNIb90jPjT4.png,0,1
448,IDwDzDc.png,0,1
449,IDduJHF.png,1,0
450,IDyE2hD3ZV4jsi.png,0,3
451,IDBnCoL.png,0,2
452,IDDpqkBRyQIG1zUV.png,0,1
453,IDAnwSkkOaRladge.png,0,2
454,IDLBb7vVviUXgyq.png,0,1
455,IDvDxewRcEQp5wWc.png,0,2
456,ID1F5xvmt.png,0,1
457,IDq0eacD.png,0,5
458,ID5OOwyClUnge.png,0,2
459,ID8LsQcEc.png,0,2
460,IDuisSydgTyz.png,0,2
461,IDbhilxNJLs.png,0,2
462,IDbhQkJ45n.png,0,1
463,ID4wLx0pp.png,1,0
464,IDjfabNXDrKcZ4g.png,0,1
465,IDN3128K0hRxvlH.png,4,0
466,IDOs6rO3yp.png,0,2
467,IDyzGuzIcSYze7.png,0,2
468,IDE4yRJ.png,0,3
469,IDhag7HXRoWbmVeq2.png,0,1
470,IDmVWvz8r0arwF0J.png,0,1
471,IDzYcviYZAEZ.png,0,2
472,IDcMnuucwmWwT05.png,0,2
473,IDjcGpFkOW.png,0,2
474,IDAYPhm9Jeg6xa.png,0,2
475,ID7B7t8WApYStd.png,0,1
476,IDXEVfqW3pz.png,0,2
477,IDVpI6DCQNZulyZqt.png,0,1
478,ID7sGdP0u2YL.png,0,2
479,IDi0CumRUFMxT.png,1,0
480,IDhdQ9aadKNmBs4Xa.png,0,1
481,ID4rbtIOzRVCOAE3x.png,0,1
482,IDULaWRt.png,1,0
483,IDc8nvndM1oQ6t2.png,0,1
484,IDpfZuH.png,0,1
485,ID1khpuS1.png,1,0
486,IDgudPNebEmpM6.png,0,4
487,IDUgKhrOglD.png,2,0
488,IDTsf1RxC7e.png,0,2
489,ID020cu0z.png,0,1
490,IDvsb6bUrJaVf.png,0,2
491,IDv13aog5mnlDC.png,0,4
492,ID5RWPGgLUJvdq.png,0,3
493,IDCf40Y.png,0,4
494,IDsQo3HhORE4Rr3.png,0,2
495,IDCthul000I4DR4b.png,0,1
496,IDBqSZYG5T.png,0,5
497,IDQQk4tuDya0B6S8L.png,0,1
498,ID1Nv5M78ll9.png,0,2
499,IDDrWEI2t3YtKj.png,0,1
500,IDJZzV2P0j.png,0,3
501,IDNWWNgQchkNGZ.png,0,1
502,IDc0i7oJQh.png,0,1
503,ID0I1tHW.png,1,0
504,IDbhJSclDh60PPMK.png,0,2
505,IDPEmPw9O82sbn1.png,0,6
506,IDphO3Vk4EPPI1QQo.png,0,1
507,IDr9vcvbRy.png,1,0
508,IDCq57SoUmTkIhvC.png,0,2
509,ID0o9Ls6YJsO4W7.png,0,2
510,ID0GSCMR.png,0,1
511,IDbnZy6x4UAB5.png,0,1
512,IDYpTn5df2bMhfekv.png,0,1
513,ID28H2a.png,1,0
514,IDBGfpEzSHlx.png,0,2
515,IDCUDmAElPl.png,0,1
516,IDVnm6xu1YC.png,0,1
517,ID6y0Jc2vvjsKQ.png,0,1
518,IDRSpjft271zq6mT.png,0,2
519,IDk9peGo0GBn.png,1,0
520,IDWi18JAylmw.png,0,2
521,IDU51FfmI2Yga.png,0,1
522,ID9m1MPq4.png,0,2
523,IDDYLMJ.png,0,1
524,ID2MFId.png,0,1
525,IDlREhQEzjY3.png,1,0
526,ID7xm4RE0GEUXrQ.png,0,3
527,IDRzw9u5B7th3alp.png,0,2
528,ID4QHdf65o5VDp.png,0,2
529,ID5z5F0IVozw9D20m.png,0,2
530,ID4fwFk23xwGxDp.png,1,0
531,IDbuMf1sut8NRQ59R.png,0,2
532,ID2SunvALm.png,0,1
533,IDm4ymTSfkey.png,0,2
534,IDYpfKLl3DP.png,0,1
535,IDIvNKVMivOfZJvp.png,0,2
536,IDvYtcbc0.png,0,1
537,ID8VDSX2n.png,0,4
538,ID39iR1agmucAFZL.png,0,3
539,IDlD8SZZaxsjR.png,0,3
540,IDLLOGVFelCxB.png,1,0
541,IDnMbl8zQmVqG.png,0,2
542,IDzMZjQ.png,0,1
543,IDd5CEhB.png,0,1
544,IDgGNlz9j.png,0,1
545,IDz9bpsNAuKR.png,0,1
546,IDv56h22H.png,0,1
547,IDrP9Qcf6xnHdVFVT.png,1,0
548,IDeQFuHD0W.png,0,1
549,ID3zJkm.png,0,2
550,ID20ind5kyWq.png,0,5
551,ID9opImXrFHC80YK5.png,0,4
552,IDQRFDrvrUEoQVj.png,0,1
553,IDDZQwbXDD7yQIg.png,0,4
554,IDRD17w8.png,0,3
555,IDvZUx4DDBZFXB.png,1,0
556,IDX35nLGhCd3rLeCi.png,0,1
557,IDY0yhHtJSZv0Rmt7.png,0,3
558,IDGpl6jV78ofgDMO.png,0,2
559,IDt8XDF0NFNL1s.png,0,2
560,IDYmfACB0i6fPlUg4.png,0,3
561,IDTmoOZ1bjoVD.png,2,0
562,IDfcsmvfu3ElH.png,1,0
563,IDxK9xo3TY9QbHfOD.png,0,2
564,IDuGVwZxWqmg.png,0,2
565,ID8vZOSc4st5szj.png,0,2
566,IDyz0bu7fLPzrIyRS.png,0,4
567,IDkBQRmdeQ.png,0,2
568,IDXtvZW2XUT1BK6I.png,0,2
569,IDUekGHaJr3V.png,0,1
570,ID3XiR2U.png,1,0
571,ID7UrZ7be.png,0,1
572,IDGwnbgzud6NX.png,0,1
573,IDi6SfePuw.png,0,3
574,IDpZIW3A0eqS.png,0,1
575,IDiXcmuKUvRMxB9.png,0,2
576,IDPQCJlHk.png,0,1
577,IDIPsCMRr.png,0,1
578,IDjuYkt2MfB26I70.png,0,1
579,IDOXYIQhm.png,1,1
580,ID2tns3DoHlMPkiQ6.png,0,2
581,IDBZb3T.png,0,1
582,IDtyWanebBWYR.png,0,2
583,ID9srqnblPwzwwg.png,0,5
584,IDOu1NH8.png,0,3
585,ID3ri5316Vq.png,0,2
586,IDKi2OVyn.png,0,5
587,IDSo6w5v.png,0,1
588,IDW5ho4.png,0,1
589,IDxTlFX.png,0,1
590,IDTAmEGklby.png,0,2
591,IDUbn7n.png,0,1
592,IDsErzgJi5D.png,0,2
593,IDDOyAszFG55oN.png,0,1
594,IDKxjSJhsEQoG.png,0,1
595,IDEib5gQF.png,0,1
596,IDAxsJ6lbC.png,0,1
597,IDZWeRtzmFjSVd0Ns.png,0,1
598,IDPGDVD19jaP.png,0,1
599,ID5XVjF.png,0,47
600,IDzt0z6lQC.png,1,0
601,IDVrsohjlgXqkm1J9.png,0,1
602,IDTIKoHOztO.png,0,1
603,IDbOGuSC531hzV7rV.png,0,1
604,IDVijZx.png,0,3
605,IDlWdleP7BLW.png,0,1
606,IDq50xi.png,0,1
607,IDfZP6FBSpPts.png,0,0
608,IDMG6ZbXoSMVfkg.png,0,3
609,IDf1vgMUdnxSIEI.png,0,1
610,IDXNntIwQR3e41.png,0,1
611,IDuVpKjH.png,0,1
612,IDfKSKqNm5.png,0,4
613,ID1vTenm.png,0,1
614,IDVkgSAnuDkVKp.png,0,1
615,IDdZQjV0hyOTdukmF.png,1,0
616,IDx6T3VjM3y.png,0,1
617,IDgtRHy7mZnGc8xT.png,0,1
618,IDJjBCsCklamAI.png,0,1
619,IDMBxmmo1Gcli1sn4.png,0,4
620,IDu5wa8tbybaN.png,0,2
621,IDZG5bgoefkxLf.png,0,1
622,IDNir8WsoB.png,0,1
623,ID2zBvpLwxRf6i.png,0,1
624,IDS6sUyFc2WtcBOM.png,0,1
625,IDa3Y3Z.png,0,3
626,IDzhZHIVNgMueq.png,0,1
627,ID4gD6Ci.png,0,1
628,ID4JzW6VVqk.png,0,1
629,IDb3mJJFAq.png,0,1
630,IDjTs1dF1qecOnUQL.png,0,1
631,IDNgcbjf1.png,1,0
632,IDBrsAt.png,0,1
633,IDgKuUtdtsj3.png,0,3
634,IDhs1qLBO.png,1,0
635,IDSAEZjJL.png,0,2
636,IDgWBqZOwKHLHt6gN.png,1,0
637,IDSFQ8D2g1EDfo8i.png,0,2
638,IDGEcCQlWUJQ.png,0,2
639,IDqvHWz.png,0,1
640,IDz1NwImv9N1.png,0,2
641,IDtfiIWWn.png,0,1
642,ID5WlfCzw.png,0,1
643,ID0J1fUPYuYHlxFi.png,0,2
644,IDSxgJfG.png,1,0
645,IDxuDq9FNa.png,0,2
646,IDECgAi.png,0,1
647,IDB0egeqhtH.png,0,1
648,IDG1UwDaUX8C.png,0,1
649,IDLNJyY.png,0,2
650,IDgR3K5z5iAuAG.png,1,0
651,IDVhNc6.png,1,0
652,IDjJXHwoPniq1HDRE.png,0,2
653,ID2jMhngag1ELsk.png,0,9
654,IDaPxjP3eby.png,0,2
655,IDrxyCyN.png,2,0
656,IDxhTFQ.png,0,2
657,IDnoBE6UonCFFvGt.png,0,1
658,IDTVRV0cXsGz7Ya9f.png,0,1
659,IDI8XWI.png,5,0
660,IDp7kIVGOYAl.png,0,2
661,IDhsR6eCZRcDfSbR0.png,0,1
662,IDzkKIas1qYvmZfGA.png,0,9
663,IDjm8MLqUnhPeOnF.png,0,1
664,IDEuUe0ncOvlGGm.png,0,1
665,IDDZsyNHMRj.png,0,2
666,IDPCAyx85UL043Is.png,0,2
667,IDfWHM5t.png,0,1
668,ID5W75MmkyhGWmQI.png,0,7
669,IDsqlFimvFEPA7.png,0,3
670,IDLLS2m.png,0,1
671,IDFDnDyaQF.png,0,2
672,IDqMKgNwG.png,0,2
673,IDmMzno0h.png,0,1
674,IDFKWNqiVi.png,0,2
675,ID7y2d3chEZt.png,0,3
676,IDEnNrxiERM.png,0,1
677,IDniRWVLmfJl2gT.png,0,1
678,IDNXFysoHX5F.png,0,3
679,IDHRElT.png,0,3
680,IDNrajKiOLBDKw.png,1,0
681,IDiannr.png,2,0
682,IDV6Prp.png,1,0
683,IDTpKuaEQSwF1c8mR.png,0,1
684,IDmX0nybyB7Wbcu.png,0,2
685,ID6To3qX.png,0,4
686,ID9NTZTYtSwX3c.png,0,2
687,ID4t26S5aEKykK.png,0,1
688,IDkq2I6kB.png,1,0
689,IDRkedWYc.png,1,0
690,IDZwniMIgGiaU.png,0,1
691,ID8XotGq0KVmHxKt.png,0,1
692,IDQ4lWUmEnFuM1rx.png,1,0
693,ID3Pj78JoLh8FaGF.png,0,2
694,ID1pHmA2.png,0,2
695,IDaeCfiQcpcWhDL.png,2,0
696,ID1ZqlbiCeLSH5F.png,0,0
697,ID3VclOWs8.png,0,1
698,IDVoUwALmETV.png,0,4
699,IDjnHq8OT.png,0,1
700,IDSEieKd.png,0,1
701,IDvnclc4PeMG.png,0,1
702,IDnAjJYt3sQ7.png,0,2
703,ID3BHCzqIwxoFRc.png,0,11
704,IDXAVpOA9lQbdfSwO.png,0,1
705,IDhYSrFhpk7J.png,0,1
706,IDC93Dc39gtLj.png,0,5
707,IDv6YI0t.png,0,1
708,ID9fhfP3p4bUNZgyh.png,0,2
709,IDqXv2l.png,0,3
710,IDpW3DtjUup.png,0,2
711,IDyg8wVejwxEGXDhR.png,0,3
712,IDSVn0VuBCzM.png,0,1
713,IDQ0pTpt.png,0,1
714,IDMhb7Cbde3ARuGX.png,0,2
715,IDYNuAzg0x.png,0,1
716,IDDmpkxiHe.png,0,1
717,IDmDMqK3V.png,0,1
718,IDb4YZLXVC2b.png,1,0
719,IDXeDK6kTHPARf.png,0,1
720,IDYVHPu7xAYO.png,0,3
721,IDJoFTmqAhBxp9qd.png,0,1
722,ID9ODoaxDP.png,0,41
723,IDuuCCVqs.png,0,3
724,IDTtjYF.png,0,1
725,ID4pKoN.png,0,3
726,ID5xtr1vqJPdjK.png,0,2
727,IDGUhtcJn8f6hXHPG.png,1,0
728,IDxhNOllJtrrPJSi.png,0,1
729,IDszV7t1HGkZYtT.png,0,1
730,IDpbg3u7dXW9lrCc4.png,0,1
731,IDKJHQLYnbWeWqeh.png,0,3
732,ID9TzhhiN7dx.png,1,7
733,IDavJsF6uWG4C.png,0,2
734,ID0BqUUCBEQD.png,0,1
735,IDDrJBO5b3M.png,0,1
736,IDDRkx8iDIzv452.png,0,1
737,IDYPi2OucR43uE2h.png,1,0
738,ID4g3AoDV5y8bWSy.png,0,1
739,IDlx7Usqo7LV41R.png,0,1
740,IDXMSuHstZ1vm2q1.png,0,1
741,IDqFMNFDUxd5.png,0,1
742,ID6nreV5KsEjsNM.png,0,1
743,IDC9nO82ID6Z.png,0,1
744,IDWXvyEw2ERhr.png,0,4
745,IDTI1WE.png,0,1
746,IDefKd39.png,0,2
747,IDafWpkCCqLUVhp2D.png,0,2
748,IDZ1GJgfFa1rTn.png,0,1
749,ID0A1BdazZ.png,0,1
750,IDIJcliXX00aD1o.png,0,1
751,IDsFHhbsOxizlEfoh.png,0,1
752,ID5G7aZ1KMZB4.png,0,8
753,IDUgEcF.png,0,1
754,IDM9LiN5HB.png,0,3
755,IDH289sD5kNtjb.png,0,4
756,IDVlI9j.png,0,3
757,ID8lpLb8GyS.png,0,1
758,IDDUessOshvpoomKE.png,0,1
759,IDRhBPob4.png,0,1
760,IDLqbr7OYSy.png,0,1
761,ID7D0kXWARWfHqVF.png,0,1
762,IDO5F2xSwGs.png,1,0
763,IDlFEWXaCcc.png,0,1
764,IDTucPY48G.png,0,1
765,IDEPIniLBAm2jC.png,0,1
766,IDXLs2horNZ8t.png,0,2
767,IDF91Bgh.png,0,1
768,IDmSAWlR46JHBx0B.png,0,1
769,IDNdlehgk9FLZk5dh.png,0,1
770,IDvWnpmWyCRDG.png,0,1
771,IDFY8Mnw8v2j.png,0,1
772,IDu379hETR.png,0,1
773,ID8vGkkBCfVXn7ewf.png,0,1
774,IDNio1kQk.png,0,1
775,IDEI28W.png,0,2
776,IDCN3LrNtki23.png,0,3
777,ID3Sn5fEwa5y7lttI.png,0,4
778,IDmv8LZFO2N0HGr.png,2,0
779,IDgRfMS8.png,0,2
780,IDwpyvYRrs0cO.png,0,1
781,IDEtj3af8D.png,0,1
782,IDxznpEfaNro6DAJh.png,0,2
783,IDYEp09RCteSf.png,0,2
784,ID0kQ7MVfqVBmd.png,0,2
785,IDVD0icOvN8hC7.png,0,1
786,IDeDJaIzmkFtLl.png,0,1
787,IDTx3CNB.png,0,4
788,IDS7InJZ2t4yP.png,0,1
789,IDZxQr4XwPC.png,0,1
790,ID2lR8l0jkQ.png,0,22
791,IDJbVseZotN.png,0,6
792,IDP7MCa.png,0,2
793,IDROuKHKqQ0xs.png,0,2
794,ID418eP.png,0,3
795,IDHrpC1AX09uy8Eh.png,0,4
796,IDPX3U5iY.png,0,1
797,IDNFYwuCKAEg.png,0,3
798,IDsm3KlZjy6MmXRF.png,0,1
799,IDAH9ALQ.png,0,2
800,ID7DbC23NN0zcSn.png,0,3
801,IDaq6vn9WWILlMFNm.png,0,1
802,ID08l4qXO27c08.png,0,1
803,IDmoT3hHrJ7NIB.png,0,2
804,IDdPk70dfePjVGQwL.png,0,3
805,IDkxXrySnatS.png,0,1
806,IDXdU1pyfeNLi.png,0,1
807,IDncXvJpffqs2.png,0,1
808,IDe9ge0G6irzFqUp.png,0,2
809,ID5KHFbS.png,0,3
810,IDrGBgQ6UcD.png,0,2
811,ID6hqHbq1pHjzfw.png,2,0
812,ID1VdwA1ZF0DoJRgm.png,0,1
813,IDcOluO6bp.png,0,1
814,ID7agiE2iuIi.png,0,3
815,IDcuZP3byhEw54J8E.png,0,1
816,ID8VN0lYUuWkcWD.png,0,3
817,IDTruCZeluoy.png,0,1
818,IDkRH9XvklRnL.png,0,4
819,IDqERFnt6N.png,0,1
820,IDVuGVoxsUcvgVCZ.png,0,2
821,IDmYxjqwpAq1.png,0,3
822,IDP0HTOQmioeYXZ1R.png,0,1
823,IDmJmyjn7b.png,0,1
824,IDZOlGMRIiTs0tOY.png,0,1
825,ID0LoiO.png,0,2
826,IDpNEoyh2BAOQD.png,0,1
827,IDy6zs0MDx.png,0,2
828,IDZKXE1t65Y.png,1,0
829,ID3Shodcoqfu.png,0,3
830,IDDx0IYrO.png,0,1
831,IDoZYvQowu5uP1r.png,0,3
832,IDIxbudJIyNOaARlD.png,0,1
833,IDhGapg4nYFjR.png,2,0
834,IDhey50KgMyqsAJJV.png,0,1
835,IDuSb1GIUHLJv8k9.png,0,1
836,ID8H0q9FAZOve.png,0,1
837,IDlgL5XMI1POt.png,0,1
838,IDBqfOQGH2n.png,1,0
839,IDglgSMP.png,0,1
840,IDSbPO8I.png,0,1
841,ID7cmb63.png,0,2
842,IDsXMha.png,0,2
843,IDnIm5hp.png,0,2
844,IDpeuYL.png,0,1
845,IDkg1B3KowwGskJT.png,0,2
846,IDjyHXLwwuaUZh.png,0,2
847,ID1wSIvOLo2E7kki.png,0,4
848,ID3kfPy.png,1,0
849,IDs9t8dpZeN2mxDN.png,0,1
850,IDYcM0C2O.png,0,1
851,IDOP8RiUj0p.png,0,1
852,IDBI2katM7zX32.png,0,3
853,IDOCUI8K.png,0,1
854,IDXASKK.png,0,1
855,IDxq2Iz5aB3j2hDQ.png,0,3
856,ID9ckxrDNUzHVuoP.png,0,2
857,IDzlSk0TligH.png,0,2
858,IDBH8GZiyI9QT30r6.png,0,4
859,IDGG08wCKVsNrdY5.png,0,1
860,IDkcDw4QVAKcZILo.png,0,1
861,IDbN4F2Yy659D.png,1,0
862,ID4dO5puDkc.png,3,0
863,ID9jJiJ4LGDrdwj.png,0,2
864,ID0EY9Xig8J.png,0,5
865,IDC9UN945qis.png,0,3
866,ID67b5pwF27.png,0,7
867,ID23zbF.png,0,2
868,IDaLBMTE3t6ZH.png,0,1
869,IDtsSDs2eN.png,0,1
870,IDNt7oWIdax.png,0,1
871,ID4l8lBt.png,0,6
872,IDu6Na4DWTTZX.png,0,3
873,ID1InvEE.png,0,1
874,ID4WCPNiiNugxEQYM.png,0,1
875,ID0RNQgs4Y1a7.png,1,0
876,IDxRk8yDezcJfM8Xk.png,1,0
877,ID8RVWcxs9f1OXjk.png,0,2
878,IDhuWQE61PVvTZRWO.png,0,1
879,IDk4ratlS.png,0,1
880,IDxediC1.png,0,2
881,IDFFU8C7Xba5OqJ71.png,0,1
882,IDXq9fc.png,0,3
883,IDbljFMPGAcgyi.png,1,0
884,IDDdThOGx57vIUAHa.png,0,3
885,ID46zFy.png,0,4
886,IDwbeChnfpyB.png,0,1
887,IDRSk2l.png,0,1
888,ID3ERNJgp6yEtA.png,0,1
889,IDPDxLIGdLetyl.png,0,1
890,IDYMUXc.png,0,1
891,ID35at3en.png,3,0
892,IDIguT9YUpygnt.png,1,0
893,IDSe8TfcEJy0bjK.png,1,0
894,IDIYOAlzGugPMt.png,2,0
895,IDUBDDv7RGhRAn.png,0,2
896,IDSJyWgZik1b.png,0,2
897,IDxdaHUvatS.png,1,1
898,ID6D4gCVRosZF0RaX.png,0,2
899,IDSdXMUYUH.png,1,0
900,IDpIPpUWE6yeCzd.png,0,1
901,IDvVcJVfzneInnZnt.png,0,2
902,ID7TLfEk5.png,0,2
903,IDQfxRYtXa3SfOAbU.png,0,1
904,IDLZOLGzo0LRa.png,2,0
905,IDnOufewCJ7o2VGpz.png,1,0
906,ID0CptzyJb.png,0,2
907,IDfLPxBul.png,0,2
908,ID00rw8.png,0,1
909,IDms9x5JPw3.png,0,1
910,IDiKBnuplvPDALp.png,0,3
911,ID2HHf4loqIOUdSLF.png,0,2
912,IDlKT5R4.png,0,1
913,IDcDU2tIW000.png,0,1
914,IDdXmbG.png,1,0
915,IDQMye68BFuk7.png,0,3
916,IDXU1Q2.png,1,0
917,IDbl39qhOd24OEgd.png,0,1
918,IDrzqh3R72s9.png,1,0
919,IDi6YItBscu.png,0,1
920,IDC1FJMi.png,0,6
921,IDvtqGAJpdV.png,0,2
922,IDaLvFrMQ.png,0,1
923,ID63wKncW6de3Rjj.png,0,6
924,IDDSiUaPrtf.png,0,4
925,IDT16bizWnXbaKzm.png,0,3
926,IDpStYxJdynlXN.png,0,1
927,IDwUhJgB3JQAHP.png,1,1
928,IDYmqr50ZsSD.png,0,1
929,IDKzcVv6aFMC6bDMg.png,0,2
930,IDTpcUW.png,1,4
931,IDWBpaoToMJNb5.png,0,2
932,IDYU4VRL.png,0,1
933,IDL5S5vHCVPoMrHwD.png,0,1
934,IDU6p2IVtKXV.png,0,2
935,ID09o6w2iKE7RG.png,0,1
936,IDzZw0Ot8e05Xu.png,1,0
937,IDXiDSDY1KGJlRGL.png,0,2
938,IDYLiZ0nKfG.png,0,1
939,IDDuo4b5.png,1,0
940,ID8sGMhvDjyqU3ut.png,0,2
941,IDWs6I2kZKwkc.png,0,1
942,ID8gIbgj6UMeqRE.png,0,4
943,IDR1fPJbx.png,0,2
944,ID6EGCw2GMX9.png,0,2
945,IDsgdNZWJx.png,0,1
946,ID2r2WuZbuWOIF.png,0,5
947,ID1UesB.png,0,13
948,IDWSu9qlQoy.png,0,5
949,IDyV2hRcH6Z3.png,1,0
950,IDBXgW1ucdjAbT9j.png,0,1
951,IDiD425yjLQwfv.png,0,1
952,IDAfvFUj3lDuCK50.png,0,3
953,ID1CMGxUF.png,0,2
954,IDRjtqHx.png,0,1
955,IDzAK258es.png,4,0
956,ID6ocI0eyQ.png,0,1
957,IDKjoRWg67s0XrM.png,0,2
958,IDNG9oyXVjhsp.png,0,1
959,ID7754CvgKomv9p8.png,0,1
960,IDgJMS4EK1BELpL6c.png,0,2
961,ID9snAL0NKSmOp.png,0,1
962,IDR1gEYf.png,0,2
963,IDe9gUBv90h.png,0,1
964,IDf7eifZn8YqkJK.png,0,2
965,IDgRANXzek.png,0,1
966,IDRhrYvDYafAnv.png,2,1
967,IDD65Quc6GkfeuC.png,0,1
968,IDReKzB2PsgdAZy.png,2,0
969,IDHHMFg.png,0,2
970,IDtp7isQkH.png,0,1
971,ID4AXRX.png,0,2
972,IDn4QoD.png,0,2
973,IDA3wOphn544YUm.png,0,3
974,IDWEobld8t2wSzKPX.png,0,2
975,IDehzV9SZQJr.png,2,0
976,IDdOI4dX.png,0,1
977,IDqFL46.png,0,3
978,IDo1X5prf9uqboGVX.png,0,2
979,ID7bA8rwl9wR.png,0,1
980,IDJtcegmfm5J.png,0,1
981,IDSMTl6Z.png,0,1
982,IDhZvxdddA1Z.png,0,2
983,ID0wVeQBkPG.png,0,1
984,ID27p6F9h.png,0,1
985,IDS5F9hpOhbpMW.png,0,1
986,IDalHgo.png,0,1
987,ID4sE2k9.png,0,1
988,ID6bHQI5D6YpUy.png,1,0
989,IDnOOFXoMI9N6k.png,0,2
990,ID7bjRjEad.png,0,2
991,IDGlTh2NCF.png,1,0
992,IDO1eLGul.png,0,8
993,IDO7avVlyP4.png,0,1
994,IDamM8iDLODi.png,0,1
995,IDuz1nakB046nhcW.png,0,2
996,IDmN5anktfzIY4xBk.png,0,2
997,IDFffbT.png,0,2
998,IDcmvOereluYnsSyd.png,1,0
999,ID4Ilv3CQZBFxtR0T.png,1,0
1000,IDE6vWfmcc0aSn.png,0,1
1001,IDXHtyQG.png,0,1
1002,IDuOz8aGm.png,0,1
1003,IDj5q2bbCps.png,0,2
1004,IDB7M8Zq.png,0,5
1005,IDsJKw1usw.png,1,0
1006,IDhMdRj.png,0,2
1007,ID3FeIVccpCuIM.png,0,4
1008,IDMsrjxv1S5.png,2,0
1009,IDVUrxPWja.png,2,0
1010,IDNtcJCzJV.png,1,0
1011,IDHXnX9tJeJO.png,0,1
1012,IDdYzjsyfbY98v.png,2,0
1013,IDHsCLnc.png,0,3
1014,IDnyShYkY.png,0,2
1015,IDZJJxMc9j.png,0,3
1016,IDadjQCMHJ9.png,1,0
1017,IDelrOIW.png,0,1
1018,IDXi0gRswpYN28w.png,0,1
1019,IDFDrQt1.png,0,1
1020,IDLi8LLD4ihYmLiP.png,0,1
1021,IDxwdbl2g3VB.png,0,1
1022,ID4kfCg.png,0,2
1023,ID9ClSHiCM7ePbX.png,0,2
1024,IDooF9px6.png,0,1
1025,ID79AvjkyXy.png,0,4
1026,IDmOaLG.png,2,0
1027,IDATVVx5zE.png,1,0
1028,IDic5ODIq4o.png,0,1
1029,IDkj23nhDqWJM92rC.png,0,2
1030,IDMBjqXXEAr7gF.png,0,1
1031,IDvFD90cxQvhekHy.png,0,2
1032,IDxYD3XAfC9zJX6.png,0,3
1033,ID9ELKcDnF51ji.png,0,3
1034,IDDkWD8mP0RB3o.png,0,1
1035,ID8YcS5i7.png,0,1
1036,ID7Hmi7i.png,1,0
1037,IDi09iunHsRo3G.png,0,4
1038,IDOaq1s.png,0,2
1039,IDRAcEH.png,0,2
1040,IDJ0kds9LaLz.png,0,1
1041,ID9YngFBAiLG.png,0,7
1042,IDVaiuCfnN.png,0,3
1043,ID8MoKo1q.png,0,2
1044,IDXUkYkAzup0j.png,2,0
1045,IDxsZPqgB9k3Pvh.png,1,0
1046,IDjIlF1Nw.png,0,3
1047,IDZKYF7g.png,1,0
1048,IDzXzDN.png,0,1
1049,ID4aps506dpa4.png,1,18
1050,IDgmQTTBrI.png,0,1
1051,ID4vxdWLFWVdsuj.png,0,1
1052,IDi42iXoM7O68Wz.png,1,0
1053,ID7hNWCc41NVz.png,0,4
1054,IDbwPmzZOvNia1o8d.png,0,2
1055,IDucnom45Wqo8A.png,1,0
1056,ID7Dr0mCW6W50l3t.png,1,0
1057,IDV5QMcO.png,0,1
1058,IDqgS5eY8Cu.png,0,0
1059,ID4vm5iBp5hX.png,0,1
1060,IDzsGX1q2.png,0,2
1061,ID3A48XjEfdgu67V2.png,3,124
1062,IDFFVzv9xrukhImq.png,0,2
1063,IDayi7lGSQoVn.png,0,1
1064,IDJNaESSfofhh.png,1,0
1065,ID4vAHx7YeYXX74H.png,0,1
1066,IDcYKE8mXznfW.png,1,0
1067,IDx7WZ1I38N7.png,0,1
1068,IDDXqkzb.png,0,1
1069,ID2z5Imfi.png,0,11
1070,ID8tyAqF9bv.png,0,2
1071,IDffv6gdvvWu3Gm.png,0,1
1072,ID0QSM0x4.png,0,5
1073,IDP1MRkMRjY7uOR.png,0,1
1074,ID9SZHP2aYQR.png,0,3
1075,IDlSr23nLemIH.png,0,1
1076,IDx24hOyXbOkl8.png,0,2
1077,ID014O6EC7.png,0,2
1078,IDDyEymZ2D.png,3,0
1079,IDiMZyU.png,0,1
1080,IDXtnR9c.png,0,4
1081,IDtOeO55kZdVPfZ.png,0,2
1082,IDKYHR5g.png,0,1
1083,IDVvuxGcQuq8kJUzc.png,0,5
1084,IDhn3GD4HSEnCaF.png,0,1
1085,ID4Spjuk.png,0,4
1086,ID7Rm23DSf3H6S.png,0,2
1087,IDT0heZ.png,0,1
1088,IDUVKx3K6UF.png,0,1
1089,IDKJ6nQpI7ybWUNv1.png,0,1
1090,IDc7hJnwO8F.png,1,0
1091,IDrsxMkNDhZl2z.png,0,1
1092,ID08lsWcpi7.png,0,2
1093,IDzR5o0JrV1.png,0,2
1094,IDvhbTZUoT.png,0,1
1095,IDB3V11j7U1d8.png,0,1
1096,ID3NUln19v.png,0,2
1097,IDvY88Qitj.png,0,1
1098,ID2653Hw2PS.png,0,2
1099,IDX810qB.png,0,4
1100,ID5RUAfg.png,0,2
1101,IDXuUA8EPlb7yj.png,0,1
1102,ID7VPkMe.png,0,4
1103,IDp8ir2AVFAFPD.png,1,0
1104,IDr7hcI.png,1,0
1105,ID1GCDgiPiBiHglB.png,0,1
1106,IDqOOvb.png,0,1
1107,IDa0LqaPW2Ph3cfx.png,0,3
1108,IDU7IL9gjqAWzI.png,0,2
1109,IDMYP3kq2.png,0,1
1110,IDYr2JJix2p3.png,0,2
1111,IDgk4ylK0A.png,1,0
1112,IDVVj4TFcy5GY.png,0,2
1113,IDDPcyyGNOCJung2.png,1,0
1114,IDGvnoC.png,1,0
1115,IDH1dzi5Hh3oE74Xz.png,0,2
1116,IDEy8F8IAmnql.png,0,1
1117,ID6cXFd3ddl.png,0,1
1118,IDcY6CE1fsR5.png,0,1
1119,IDinZQb.png,0,2
1120,IDaF0yrYKLEiu.png,0,1
1121,IDzYQ7mhFZ5cIxt.png,0,1
1122,ID7aZ5K4K3FmlgSd.png,0,1
1123,IDDW3aKywnjEnLTL.png,0,1
1124,IDLrGx85u.png,1,0
1125,ID7aaIG9.png,0,4
1126,IDrl0WZbNWRTmHo.png,0,1
1127,IDEZTzpkIz87.png,0,1
1128,ID6HnHTwsnl.png,0,6
1129,IDEWTCLov9ZPgLD.png,0,1
1130,IDSDfdvOP.png,1,1
1131,IDfti50a5.png,0,1
1132,IDYz7EoCYvIJ.png,0,3
1133,ID8Ri0IA4.png,0,1
1134,ID8neL6iLq.png,0,1
1135,IDe4kz15Q.png,0,2
1136,IDBJqF9toM2h.png,1,0
1137,IDnm3No2UFVZA7P.png,0,4
1138,ID1pVqEi.png,0,3
1139,ID4gPMKo.png,0,3
1140,IDvvjrTKJH.png,0,1
1141,IDXbm81DLM9.png,1,0
1142,IDHVIX2Rbn.png,0,1
1143,IDnPZRvE.png,0,1
1144,IDVeLsj.png,1,0
1145,IDK8Lmc1.png,0,1
1146,IDwQV6UZ9l.png,0,1
1147,IDzHwNslxlb.png,1,0
1148,IDFJjZ2Lvp.png,0,1
1149,IDYQpDQGqMMlRUPs9.png,0,1
1150,IDrbFWBn.png,0,2
1151,ID3LCrzry58Jxh.png,0,3
1152,ID2WeMT4E.png,0,7
1153,IDvHzgsDBO8.png,0,3
1154,ID7dEB0P1qK0.png,0,1
1155,IDV5GQx.png,0,1
1156,IDdKNe90eKZZYz.png,1,0
1157,IDjfsrayBr.png,0,2
1158,IDDsZZ3SP.png,0,2
1159,IDS7EpR.png,1,0
1160,IDvwB1VM66zL1JY.png,0,1
1161,IDtTy2hIukxmOLpQh.png,0,1
1162,IDOieNKgTMxuQlNU.png,1,0
1163,ID34jQEQBsIm.png,0,2
1164,IDfSbGeyvjTlK.png,0,1
1165,IDjjfzHB4V.png,0,1
1166,IDwrAUz9DwyxCBmb.png,0,2
1167,IDpxdqGsO2qv.png,0,2
1168,IDZoRFcz13MymeBxi.png,0,1
1169,IDFFhgpwkFPHDGd.png,0,5
1170,IDXrZQSd8T2Xvb6C.png,0,1
1171,ID3ThOePPQ57BPVJJ.png,0,2
1172,ID6Frtyltq.png,0,1
1173,IDYcSzMITQ8b3PNX.png,0,3
1174,IDFRPQo9RAe.png,0,1
1175,IDAjZsLUN8gmkhz.png,0,3
1176,IDFSJ8E3y4.png,0,1
1177,IDlMBKMYEE.png,0,1
1178,ID4ZveL71jrSTBL.png,0,15
1179,IDuEb6GEVxgf8g.png,0,1
1180,IDWlQsqBvMAi3B6M9.png,0,2
1181,IDL70TYIoLgw.png,0,1
1182,IDEmF8wngLm.png,0,3
1183,ID326Z9.png,0,1
1184,ID8G6qrGFt3ETPIcX.png,0,3
1185,IDwqZBCPT8T2X.png,1,0
1186,IDdzTLIqJQ6tp03je.png,0,1
1187,IDWg8fH.png,0,1
1188,IDjY25GD.png,0,1
1189,IDcUdcamRN.png,0,1
1190,IDh0TrMOL2T8.png,1,0
1191,IDK0igXfmYP6.png,0,1
1192,IDEBSjYpEq424.png,0,4
1193,ID5qsae0RMP6.png,1,14
1194,ID7mdPZBuI8DYNeMa.png,0,1
1195,ID6DBV6NeFdL.png,0,1
1196,IDLuyFMzgi.png,2,0
1197,ID77AiIt.png,0,3
1198,IDlIc9LAJFERPztiz.png,0,1
1199,IDb9BNCDZ.png,0,1
1200,IDpEE3X6DfW.png,0,1
1201,IDkEa7OOn1pp4pXT.png,0,3
1202,IDm4jWeJcDIwnPz.png,0,1
1203,ID7WBpz5Vvna6.png,1,0
1204,IDMj117RT1E.png,0,1
1205,ID7gIFMU.png,0,14
1206,IDkREcaC4NnAHz.png,0,1
1207,IDvakbhK.png,0,2
1208,IDDJL83.png,0,1
1209,IDfnXmM.png,0,1
1210,ID1BXZkctiPb.png,0,1
1211,ID24khMHGvUQl62D.png,0,7
1212,IDDyTFMWMAkDQ.png,0,2
1213,IDHpqVXgNeP7P0F.png,0,2
1214,IDHkhT4a.png,0,1
1215,IDBN5QBuOSu7lywS.png,1,0
1216,IDsOjk3JnwZ.png,0,1
1217,IDREzgUVKJkkR5.png,0,2
1218,IDNfpFzl.png,2,0
1219,IDvij8S.png,1,0
1220,IDR5N4WNzrp.png,0,3
1221,ID5mCpzu9V.png,0,4
1222,IDuRDSocBcQh1KZ2G.png,0,1
1223,IDHQrEtKzU.png,0,2
1224,IDqufDrHb.png,0,3
1225,IDZxPch135h77hQ1.png,0,2
1226,IDVAunT6M.png,0,4
1227,IDUs2ni.png,0,5
1228,IDP9w2BNyWcoyvUh.png,1,0
1229,IDHmYJ1dFx9v.png,0,1
1230,IDySM43V45hEB8.png,0,1
1231,ID8JaqHvYVFjlaea.png,0,3
1232,ID6FCK3anz.png,3,0
1233,IDRv9HiG2QDftohJ.png,0,2
1234,IDQjTDpPWJE1.png,0,2
1235,IDZzayOmEq.png,0,2
1236,IDkQUUmKdkVYKVC.png,0,1
1237,IDmXLY6pJrVuBw.png,0,1
1238,IDWZuWp4k2TJA59.png,0,3
1239,ID74ewa.png,0,5
1240,IDmrw4lgjaXlr.png,0,2
1241,IDtv6cARyexxK.png,0,1
1242,ID6rvtAOSfsDm.png,0,3
1243,ID5QzGP.png,0,1
1244,ID6da6m57n18E6.png,2,0
1245,ID44wbRQdc7VerXcp.png,0,3
1246,IDvS6obPgyDrt.png,0,3
1247,IDvAkqK6nbGf5.png,0,2
1248,IDoXyyG8htIz5.png,0,1
1249,IDKmQ01e6E.png,0,2
1250,IDW7g3ooNM.png,0,1
1251,IDnCr0O6ZQCT.png,0,1
1252,IDeu0Kplo2.png,0,1
1253,IDpJO8Z.png,0,2
1254,IDVQg2UwzX.png,0,1
1255,IDZMI33Io0V4l.png,0,1
1256,IDXNfvYm.png,0,1
1257,IDtMM2ZlZfn.png,0,1
1258,ID4M5hr.png,0,2
1259,IDcGMB20Hi0.png,0,3
1260,IDlIUhGzE5XIyjrhy.png,0,1
1261,IDYIvtspfhXP4ZH.png,0,3
1262,IDBl7mpi9cyUk.png,1,0
1263,IDwNeLnHejeTAHl.png,2,0
1264,IDmrevjqWcos.png,0,3
1265,IDK89wpgcO.png,0,1
1266,IDdw4HRQ5D3AHL8g0.png,0,2
1267,IDV68rditGNdm4v.png,0,3
1268,ID85aYKwpVMPPuIHc.png,0,2
1269,ID3eN3BCRhV.png,0,6
1270,IDD9C2QwJ.png,0,3
1271,IDF4EP3.png,0,1
1272,IDOtmngoVnZx87fx.png,1,0
1273,IDTniBij.png,0,2
1274,IDap7yfioAgEAuhsD.png,0,1
1275,IDsuUbJPb.png,0,2
1276,IDfun8Nq5.png,2,3
1277,ID4eJpmu9xBPEu1.png,0,1
1278,ID2svN3.png,0,1
1279,IDoHsxRyH.png,0,1
1280,IDzPBQwqZo292Bb.png,0,1
1281,IDwcL7JnEzAxh.png,0,4
1282,IDI7b0ZPSt1n5P.png,0,1
1283,IDDt8nXVhiHsaO.png,0,1
1284,ID0w0xWq7fmB.png,0,2
1285,ID7I097XdacAJjtfR.png,0,2
1286,IDk3zJqZLUD.png,0,1
1287,ID5ZhwRWmCfA6.png,3,176
1288,IDZEaRkzMhR4cR.png,0,1
1289,IDrWsnIlPgdCb.png,0,2
1290,ID1o6DzW.png,0,2
1291,IDMMTTHMlIhbpa.png,0,2
1292,ID2uzM53MIh.png,0,2
1293,IDMEbwolrDY.png,0,1
1294,IDYOAM3GL0qBM.png,0,1
1295,IDiGa67d.png,0,1
1296,IDOB0jCesCWLD7Rdu.png,0,2
1297,IDBeevHVnLVC.png,0,1
1298,IDgxH30OZ.png,1,0
1299,IDNyDOUwR.png,0,2
1300,IDKFdfDwxCMnZ.png,0,1
1301,ID0vv2iR2.png,0,1
1302,IDpdjnkaJ.png,0,3
1303,IDhhOgET6Kk2e8.png,0,2
1304,ID4IUl7qIpqe4RCcO.png,0,1
1305,IDX18prvSccu.png,0,1
1306,ID6GJY1g1.png,0,15
1307,ID6sDlD.png,0,2
1308,IDcmaGu49.png,8,0
1309,IDLLSKjweLx.png,0,1
1310,IDxoG5qPqRAyG.png,0,1
1311,ID8tUfuh.png,0,2
1312,IDrLFWCgKjU1.png,0,2
1313,ID60UlgOFxO.png,0,3
1314,IDQvUFQ3L.png,1,0
1315,IDLolLsmg0TcBS46.png,0,1
1316,IDbUSZSOo9qb.png,0,3
1317,ID5txGC2.png,1,24
1318,ID6z7Gf0fGc.png,1,0
1319,ID1hf7U.png,0,3
1320,IDeIUOZ2sD7wk.png,0,3
1321,ID0K20RbBcx5oQTp.png,0,1
1322,IDbKKyL.png,0,1
1323,IDElYGoL76VgCsWA.png,1,0
1324,IDoCgXA3ug.png,1,0
1325,IDo0Z7NzylvTVsWN.png,0,2
1326,ID4yliXj5x.png,0,1
1327,IDhEqduCqXLNKq.png,0,4
1328,IDgk2Sp8nBAxA.png,0,2
1329,IDDULn681snJOF.png,1,0
1330,IDjCwOT.png,0,2
1331,IDWJVaaOu0UgC1Mm.png,0,1
1332,ID5S5c0wqnRyPk7Ik.png,0,1
1333,ID4J0TXlXzD.png,0,2
1334,ID9wkMaBB6cPp06i.png,0,2
1335,IDR1Eww.png,0,1
1336,IDGvR1AWhn.png,0,1
1337,IDwjUaeIjGim.png,0,2
1338,ID6dxtNoD05ul3.png,0,6
1339,ID5eq3bTvGQf6fFj.png,0,2
1340,IDhsuJ1KwIGt9L.png,0,3
1341,ID7fa7aufQVBob.png,0,3
1342,IDi2asjBSi.png,0,1
1343,IDAWQLIVXS.png,0,1
1344,IDzhZeXP.png,0,1
1345,IDXJlEaLM1D6u1Z.png,0,1
1346,IDXaIqpaW.png,0,1
1347,ID15YiRan.png,0,2
1348,ID7gaueK6q.png,0,1
1349,ID0eNlg.png,0,4
1350,IDTLjtW8syap.png,0,3
1351,IDkxxbno4ers1s.png,0,1
1352,IDXa41VqhRVI.png,0,1
1353,ID7uZmTzAafd.png,0,2
1354,IDpomOIrJRNCrK.png,1,0
1355,ID1HhS0aVS.png,0,1
1356,IDYXIgliths0.png,0,1
1357,IDQJmelsBElC.png,0,2
1358,IDisl7d8.png,0,2
1359,IDIThWW.png,0,2
1360,IDJl6TvWaG.png,0,1
1361,IDqAtEbr9FejxHmJE.png,0,1
1362,IDXl430N.png,0,2
1363,ID4eOPlWt4m2.png,0,1
1364,IDZm68p4RhBRC.png,0,1
1365,IDlgYCmLdSQwJ.png,0,1
1366,IDUvAtHezPXuH8.png,1,0
1367,IDbVgc3KZM6BbqCOF.png,0,4
1368,IDkv14kM0Ii.png,0,9
1369,IDcraF6F.png,1,0
1370,IDHfvzApRuFK9TiOm.png,0,3
1371,IDpXjpqjV4cy6Iy.png,0,1
1372,IDEMYwo5WX.png,0,1
1373,ID0AGL1m6y7.png,0,2
1374,IDfyUGFtW9n.png,0,2
1375,ID8qUNnMFeX.png,0,2
1376,ID67usm9.png,0,2
1377,IDfG7ea4EkfUYUMLp.png,0,1
1378,ID0WhPOxFxf.png,0,3
1379,IDiiWDJEFM.png,0,1
1380,IDWD5WWNOYOCG7.png,0,1
1381,IDdqGF8jD4I7HmMS.png,0,1
1382,ID33qlXOY.png,0,2
1383,IDXUTACpCKhA.png,0,1
1384,IDvjJCNSIF.png,0,2
1385,ID6g6IV.png,0,2
1386,IDALVyH9Tld.png,1,0
1387,IDmAVd4kP1mttbFz.png,1,0
1388,ID1rP0NfbwT2NZ2K.png,0,5
1389,IDOyDjaCQZ.png,0,1
1390,IDjcwhaI3A.png,0,3
1391,IDSFa0mGNWyCLN.png,0,3
1392,IDdcY4Hs.png,0,1
1393,IDrsqx3KqG.png,0,2
1394,IDNf80bO3x.png,1,0
1395,IDOcrz8qfEP.png,0,4
1396,IDKYIQnC6J8RyDxu.png,0,2
1397,IDsekJog.png,0,1
1398,IDCkl9ohDsKKy.png,0,3
1399,ID4LFYN2nIa4Si.png,0,1
1400,IDDPYLIh6.png,0,2
1401,IDp9vUMY.png,1,0
1402,IDlk4focC6mcnONpT.png,0,1
1403,ID0ludghAT.png,0,1
1404,IDF2GoftbUcB9.png,0,1
1405,IDAMb4x.png,0,1
1406,IDSyBFg5ahi2s.png,0,2
1407,IDXqJ4TRX0.png,0,2
1408,IDacts3lfTG.png,0,1
1409,IDFBpFiO5KvRJs.png,0,2
1410,IDjTE4FstIdo.png,0,3
1411,IDGNh6UyIppmtEDsq.png,5,0
1412,IDmE0stG478.png,0,2
1413,ID1nSzffk7p9dLp4O.png,0,3
1414,IDkwFS7BXHv.png,0,3
1415,IDpHEETWdUPOY57G.png,0,2
1416,ID7G1pvGwdnh58S.png,1,0
1417,IDWwkwa.png,0,2
1418,ID3CSgz.png,0,2
1419,IDXEvvm.png,0,3
1420,IDcLXM0.png,0,1
1421,IDXqwGHEySo.png,0,1
1422,IDFlboBQ1FMu.png,1,1
1423,IDwon0DV7Nw6.png,0,2
1424,IDrgOonAzHzH.png,0,2
1425,IDKsfguBQzT8mL.png,0,1
1426,IDTikXD.png,0,1
1427,ID2XybQy1qIFx.png,1,0
1428,IDDiG4rkaVji.png,0,1
1429,IDrRXSLRj9WI.png,0,3
1430,IDwZbFRsZujEaC.png,0,4
1431,IDHfVHUu.png,0,1
1432,IDICOJtB4yDN.png,0,1
1433,IDLcVsGAKOjlekZt.png,0,2
1434,ID09pzWgf.png,0,300
1435,IDh9A7ZEVUD5dUR3.png,0,1
1436,IDEfIdWsep9Z9x4fQ.png,0,2
1437,IDdtoqJ2zSLQ5mv0q.png,0,2
1438,ID2cawAJKQZqU7.png,1,0
1439,IDyDicK.png,0,2
1440,IDbyD5dY5Q28.png,2,0
1441,IDtUWfx6qvToaRg.png,0,1
1442,IDo5g5INaI8hx4V.png,0,1
1443,IDl7mbF.png,0,2
1444,IDmD5IZ1p.png,2,0
1445,IDqV9w8Yk9dL.png,0,1
1446,IDnQBv2dz.png,1,0
1447,IDQ7Ox5bQv6Y.png,0,1
1448,ID7TUH5iOhK.png,0,4
1449,ID7hWs4rD752O6.png,0,6
1450,IDTCSzg8jW49wcf.png,0,2
1451,ID8jPSru.png,0,1
1452,IDP0ubEZXx9TiSZ.png,0,1
1453,IDiAp2V2hhCWn.png,0,1
1454,IDHfKAssNJVQ0D1W.png,0,1
1455,IDYTlcbzjM.png,0,1
1456,IDmlpl1uIBsJwDddr.png,0,4
1457,ID8v5JwyJvLTixTF.png,0,1
1458,ID2WlOvUVJSQZltEp.png,0,2
1459,IDWt4SNDgB.png,0,1
1460,IDFcTeNfXj3iqBdH.png,4,0
1461,IDzf69w.png,0,1
1462,ID2QePzehQ0fK39.png,0,1
1463,IDKXYwLYBbueYts.png,0,4
1464,ID9Nt0KJVjk5.png,0,2
1465,IDWqlvpElFGbjbMI.png,0,4
1466,IDe8jMXM.png,1,0
1467,IDgCLVcj9VM.png,1,2
1468,IDO0OurXqIP.png,0,1
1469,ID7RB2UYgbeOwfgy.png,0,3
1470,IDN9i17Fm.png,0,1
1471,IDWPELnf4pA6lGl.png,0,2
1472,IDcfcNt2vhUgtnS.png,0,1
1473,IDxZMlAcdGghE.png,0,1
1474,ID6RNj1NRa9zqNCj.png,0,3
1475,ID81hqv.png,5,0
1476,IDcVPvNUeUMv.png,0,1
1477,IDTFXJ7J8.png,0,2
1478,IDUYgUtYH7KOue2ah.png,0,1
1479,IDiCV34K.png,0,1
1480,IDJyknKkJUSNd.png,0,1
1481,IDpS85cYoIBQqPZMn.png,0,1
1482,IDlYnMqbFurxMN.png,0,1
1483,IDLOgaARU.png,0,2
1484,IDorpGHY.png,0,2
1485,ID7DZjNabqcXWtfS.png,0,1
1486,IDnKoNSz3a.png,0,3
1487,IDAbLh1HWYV.png,0,1
1488,IDTAAbD.png,0,1
1489,IDvJDlEuKi.png,1,0
1490,IDxQv4PQ.png,0,3
1491,IDL6vb9WK33VP.png,0,5
1492,IDC01jH.png,0,2
1493,IDxtyeXeRuDuhlPzO.png,0,0
1494,ID1wL2bDuUT.png,1,0
1495,IDxtmVOg0MJT3p3G.png,0,1
1496,IDXW5oDd3yhdY8p.png,2,0
1497,IDMi9QpX92O33E8n.png,0,2
1498,IDlRxRwaeFyrT.png,0,1
1499,IDVA7EXpfZfFA.png,1,0
1500,IDaINniyMmOtP.png,0,1
1501,IDzohsRjCZJzCFND.png,0,1
1502,ID0qhtlQl.png,0,1
1503,IDuPhRi8.png,0,1
1504,IDO1BJpqUlfD8xX.png,0,2
1505,IDZAc6z.png,0,2
1506,IDnjTvUt.png,0,3
1507,IDLXPnf9F16d65Lr.png,0,3
1508,ID0o1YrpVl4.png,0,2
1509,IDIxYxjHXLuTQRU9.png,0,3
1510,IDKLrokKYrbWH.png,1,0
1511,IDb2ByyZmQ6.png,1,0
1512,IDd8f7No.png,0,1
1513,IDUYrRsKxKZ0.png,0,2
1514,IDQPd8m1XaIaCuR.png,0,1
1515,IDIll8HjsUXlNV.png,0,1
1516,ID54zIIb8Pxpsth.png,0,4
1517,IDq6pNul4O.png,0,0
1518,IDnkLHEQxGtxPIr.png,0,1
1519,IDT7Vudc.png,0,4
1520,IDjGIXPD6J4onYx2X.png,0,2
1521,IDK6BCHYnrLBXhkV.png,0,2
1522,IDprFug2l6Pljde.png,0,1
1523,IDoVl2bmdTT.png,0,3
1524,IDbhETdv5zPNO.png,0,1
1525,ID4q42mCWDcF.png,0,12
1526,IDPIy4YPZS0v.png,0,1
1527,IDDZWOSoT.png,1,0
1528,ID6IrepHalfoV.png,0,3
1529,ID4OB0GfMXJi0rsx.png,0,1
1530,IDba7P5EEBdh9iM.png,0,3
1531,IDFlMVpa9Oihnbc.png,0,1
1532,IDRGK7ihNR6gabW1l.png,1,2
1533,IDUjCf1TPa0lDF0.png,1,0
1534,IDAjZILIslm.png,0,2
1535,IDo0uQW.png,0,2
1536,IDwX8jxOfNaub.png,0,2
1537,ID1TBdGHluTn.png,0,1
1538,IDzQIC62dog.png,4,0
1539,IDmoKTCM47U.png,0,3
1540,IDhE6c8O.png,0,5
1541,IDYuddO78r7PK.png,0,2
1542,IDl2nb8c.png,0,2
1543,IDJ9Zf6UNTQ6k.png,0,1
1544,IDv4VWB.png,0,3
1545,IDBVvWurhVkX.png,0,1
1546,IDjdXr53.png,0,1
1547,IDnIIgYwp4gW.png,0,2
1548,IDOOpgWE.png,2,0
1549,IDv2A8Y.png,0,1
1550,IDf26WPnnnK89jGRf.png,0,1
1551,ID66HAzclmqcSLv5d.png,0,3
1552,IDQFNudO5g.png,0,2
1553,IDQLrMPkpDl2X.png,0,3
1554,IDFKvSugCl35rB.png,1,0
1555,IDPer64TItE6d9wa.png,1,0
1556,IDXmKDMQ.png,0,1
1557,IDysSrZTeM0Ea.png,0,1
1558,IDVLbTVx.png,0,1
1559,IDwLgrluRSE5VCh.png,0,1
1560,IDjZPIokE0FS.png,0,2
1561,IDyoC2yDy1.png,0,1
1562,IDou4lYymj.png,0,1
1563,IDT5Ob9OdoO8cXev.png,0,1
1564,IDExOGkulfN9a2.png,1,0
1565,ID9rMqx2024.png,1,0
1566,IDnzDcMQGKpO.png,0,2
1567,ID1k6N0gT4MCw.png,0,2
1568,IDzpEIW.png,0,8
1569,IDY61r4V8qIdKPiW.png,0,1
1570,IDUKLnL8IPp5oLgK.png,1,0
1571,ID77xeKVxlsDyi.png,0,7
1572,IDq3aLQL82mZ9xxA.png,0,1
1573,IDaObYWlKieCzN4.png,0,2
1574,ID1SaKL.png,0,14
1575,IDAHA5W7y6.png,0,1
1576,ID6NMsC8Thhd.png,0,3
1577,IDdnQ9lvvEn.png,0,1
1578,IDE3MDOd.png,0,3
1579,ID79RYU5U.png,1,0
1580,IDP3tp3NlhwMzV.png,0,1
1581,IDFWp1UOtE3yMm.png,0,1
1582,ID6LQmwcET8.png,0,3
1583,IDwEWq4hxZJtQ9K.png,0,2
1584,IDjDr1jzO4.png,0,2
1585,IDEQSje.png,0,1
1586,IDVMyx9FovDwFpKg.png,0,1
1587,IDkQP1XjFjdEG.png,0,3
1588,IDSGCegMJOm9.png,1,3
1589,ID9ktra2j.png,0,5
1590,ID77u5r0vZCjrAU.png,0,3
1591,IDZcaxIB0nPEGD.png,0,2
1592,IDCiQ29vjH.png,0,1
1593,IDQ55uBefA.png,1,0
1594,ID8YeVliqRb8Xw6.png,0,1
1595,IDFEBID.png,0,1
1596,IDoMe8xQfEYihU.png,0,1
1597,ID40fChNpNJlcCZGX.png,0,1
1598,ID0snDIF.png,0,2
1599,IDDnX91KjDPn57N.png,0,4
1600,IDZnedpTJ9PF1bC.png,0,1
1601,ID3CtYfHrfb.png,0,3
1602,IDgp77kzxR.png,0,3
1603,IDjXsYDA9eW9SKJut.png,1,0
1604,IDLUf8RXNcMUVY.png,0,2
1605,ID6idBtfmIloBsz.png,0,1
1606,ID2q0giZZw.png,0,2
1607,IDWx6SSdY4PJgOC.png,2,0
1608,IDMoRx3u3.png,0,1
1609,IDPjX9egk4DB.png,0,1
1610,ID7E0M2qsoC57VfV.png,0,1
1611,IDtjJq63mAAcpBref.png,1,0
1612,IDLV7DEFnpu21m.png,0,1
1613,IDkbJQBfq2z2W.png,0,1
1614,IDhOgopy8xAPIW.png,0,1
1615,IDZg7AWnv8EENg.png,0,1
1616,IDNK5FG.png,0,1
1617,IDoraBtvS.png,1,0
1618,IDEesjZ6SuC5v67.png,1,0
1619,IDol52nCTNSvh.png,1,1
1620,IDM21WQ824Sg36vQ3.png,1,0
1621,IDbcJw9f9ty.png,1,0
1622,ID9HF5SKnfU0ryvRZ.png,0,1
1623,IDrUA3FYx5rQPg.png,1,0
1624,IDdMmdSyrLv1.png,0,1
1625,IDtw16B0G1MEZ.png,2,0
1626,IDW8YypOVkJOZ.png,0,1
1627,ID6qS46.png,0,1
1628,IDYEmXBxsXumhPJ.png,0,1
1629,IDAAEcnGC6dyVgL.png,0,2
1630,IDBaMmD.png,0,2
1631,IDva94mzK9kD.png,1,1
1632,IDKweUiXcw33ESU.png,0,1
1633,IDLPnZ2JSyJCpnkk.png,0,1
1634,IDlgRKm7ojELd.png,0,2
1635,IDa0MgV.png,5,1
1636,IDpiu1MGZ.png,0,2
1637,IDM9KNjFCmNj.png,0,1
1638,IDxw1WXFwPOq6.png,0,6
1639,IDAEalOvO.png,0,2
1640,IDsXVrtInm.png,0,1
1641,IDKKt3o.png,2,0
1642,IDLBywjjM6mrLD3p0.png,0,7
1643,IDWK2Ads1a7UVxh.png,0,1
1644,ID7sky6.png,0,8
1645,IDHopTtLZVURDmz.png,0,2
1646,ID4wbQikihPpkvOZ.png,1,51
1647,IDVOmLtGjwCGH.png,0,1
1648,IDtuQctqIpAL3.png,0,2
1649,IDgHipW3IrLR54N.png,0,1
1650,IDdYpDQK35YmVxiz.png,0,2
1651,IDoYoqaDKlQK1.png,3,0
1652,IDcFP3SY.png,1,0
1653,IDtjI9r.png,0,1
1654,IDofvN8NOaYuLew.png,0,2
1655,IDvkNDtDMKXqe7.png,0,1
1656,ID0FA2hnX5U3.png,0,2
1657,IDC6y0Ldx1aU.png,2,0
1658,IDuZnpbmqJTJS.png,0,3
1659,ID9zcn33Rovf.png,0,1
1660,ID8G8XO8aE6cc.png,0,5
1661,IDCmdIjh7.png,0,3
1662,IDnLl7r7LMNE6Pq7.png,0,1
1663,IDNrK2NLu9q8S.png,0,1
1664,ID8DEwBPA8r92nkPY.png,0,12
1665,IDChp8Y.png,1,0
1666,IDf6dYtEqA7E.png,0,5
1667,IDHXlZxxjvpWBqVJ.png,0,1
1668,IDWlHU0RnZN8VmtM8.png,0,4
1669,IDvqY71.png,0,5
1670,IDDFjSz2.png,0,2
1671,IDhNgpsLmfLQO3Y.png,0,2
1672,ID4EJXAP2Aam.png,0,1
1673,ID1XtPPo2lthuwO.png,0,2
1674,ID1ue4zwHLiWmoeLf.png,1,0
1675,IDIpJ3XpvGT.png,0,2
1676,IDDroOzezf7ZG.png,1,0
1677,IDwUGPb.png,0,1
1678,ID4BqHVqLkT.png,0,2
1679,ID9fsPH.png,0,2
1680,IDIctxjJNrQ.png,0,1
1681,IDvrsRvum2jTIYCx.png,0,1
1682,IDH80tQ.png,0,3
1683,IDhtN8i2EWxr1YM.png,0,1
1684,IDZiCm1.png,1,0
1685,IDZaQOa2q.png,0,1
1686,IDAg5Oe.png,0,3
